State,Year,med_legal_year,rec_legal_year,burglary_total,mv_theft_total,drug_vio_total,larceny_total,agg_assault_total,homicide_total,robbery_total,unem_rate,pop_est,poverty_rate,med_house_income,educ_attainment
Alabama,2005,2021,,35828,10796,6,97640,9016,308,5636,4.5,4569805,16.7,37150,79
Alabama,2006,2021,,34957,11905,3,93940,7798,312,5980,4,4628981,14.3,37950,80.1
Alabama,2007,2021,,39221,12439,3,107798,9635,351,6728,4.1,4672840,14.5,42210,80.4
Alabama,2008,2021,,47238,12728,1,118629,10883,336,7042,5.9,4718206,14.3,44480,81.9
Alabama,2009,2021,,47280,10771,6,114313,12624,318,6122,9.7,4757938,16.6,39980,82.1
Alabama,2010,2021,,37009,9183,9,101661,10435,219,3977,10.4,4785514,17.2,40930,82.1
Alabama,2011,2021,,49629,10426,19,108787,13204,296,4840,9.6,4799642,15.4,42590,82.7
Alabama,2012,2021,,46176,9630,96,108195,14612,336,4935,8.2,4816632,16.2,43460,84
Alabama,2013,2021,,39860,10066,61,103176,13041,295,4429,7.4,4831586,16.7,47320,84.5
Alabama,2014,2021,,37397,9607,113,98385,12970,269,4480,6.8,4843737,17.8,42280,84.7
Alabama,2015,2021,,33854,9945,86,95735,15315,343,4495,6.1,4854803,16.3,44510,84.9
Alabama,2016,2021,,33167,11377,148,95059,18314,396,4563,5.8,4866824,16.2,47220,85.1
Alabama,2017,2021,,29909,12075,711,94455,17729,397,3922,4.5,4877989,15.3,50870,86.5
Alabama,2018,2021,,27055,12364,470,90369,17774,361,3873,3.9,4891628,16,49940,86.6
Alabama,2019,2021,,9621,4820,718,37753,7411,138,1109,3.2,4907965,12.9,56200,87.1
Alabama,2020,2021,,8885,5110,2404,35711,8302,240,1179,6.4,5033094,14.9,54690,88
Alabama,2021,2021,,11971,8192,20011,42982,12224,418,1275,3.4,5049196,15.9,56930,87.9
Alabama,2022,2021,,13792,9717,30231,59690,15703,516,1612,2.5,5076181,13.6,59910,88.8
Alabama,2023,2021,,12796,10123,28667,61971,15783,491,1779,2.5,5117673,14.2,60660,89.1
,,,,,,,,,,,,,,,
Alaska,2005,1998,2014,4060,2560,0,16840,3035,32,533,6.9,666946,10.8,55890,91
Alaska,2006,1998,2014,4105,2511,0,17006,3427,35,597,6.6,675302,10.9,56420,89.7
Alaska,2007,1998,2014,3686,2406,0,16658,3312,43,578,6.2,680300,9.8,62990,90.5
Alaska,2008,1998,2014,3211,1616,0,15082,3334,27,644,6.5,687455,9.2,63990,91.6
Alaska,2009,1998,2014,3570,1674,0,15106,3210,22,652,7.8,698895,9.1,61600,91.4
Alaska,2010,1998,2014,3085,1608,0,15413,3361,31,592,8,713982,11,57850,91
Alaska,2011,1998,2014,2842,1377,0,14742,3352,30,576,7.6,722349,10.8,57430,91.8
Alaska,2012,1998,2014,2939,1514,0,15452,3150,30,628,7.1,730810,10.8,63650,92
Alaska,2013,1998,2014,2902,1686,0,16495,3105,34,623,6.9,737626,10.1,72470,91.6
Alaska,2014,1998,2014,3136,1730,0,15350,3224,41,627,6.7,737075,11.4,67630,92.9
Alaska,2015,1998,2014,3496,2039,0,15169,3652,59,759,6.3,738430,10.4,75110,92.6
Alaska,2016,1998,2014,4036,3049,0,17683,3992,52,848,6.6,742575,9.9,75720,93.1
Alaska,2017,1998,2014,4153,4250,0,17683,4236,62,949,6.6,740983,11,77990,91.7
Alaska,2018,1998,2014,3975,3992,0,16327,4377,47,896,6.1,736624,11.1,68730,93.3
Alaska,2019,1998,2014,3558,2612,0,15095,4349,69,826,5.6,733603,10.2,78390,93.6
Alaska,2020,1998,2014,2741,1946,2,11721,4215,48,705,8.3,733017,9.6,74750,93.7
Alaska,2021,1998,2014,872,710,1166,3449,1666,23,102,6.4,734420,10.8,81130,93.3
Alaska,2022,1998,2014,2003,1810,1156,9448,3983,70,555,4.3,734442,10.8,89740,93.3
Alaska,2023,1998,2014,1852,1985,1421,10006,3868,59,572,4.2,736510,10.5,98190,93.2
,,,,,,,,,,,,,,,
Arizona,2005,2010,2020,53254,53093,0,169406,18561,425,8426,4.6,5839077,14.4,45250,83.8
Arizona,2006,2010,2020,58608,56248,27,157918,21196,527,9442,4.3,6029141,14.2,46660,83.8
Arizona,2007,2010,2020,58424,49292,27,156763,19520,540,9693,3.7,6167681,14.1,47220,83.5
Arizona,2008,2010,2020,58074,38278,0,150815,18843,459,9768,5.8,6280362,14.7,46910,83.8
Arizona,2009,2010,2020,53838,26216,270,137349,17580,378,8159,9.7,6343154,16.5,45740,84.2
Arizona,2010,2010,2020,50150,21328,94,135329,16426,405,6901,10.4,6407342,17.6,46900,85.6
Arizona,2011,2010,2020,54100,19624,396,138014,16829,389,7117,9.5,6473416,19,48620,85.7
Arizona,2012,2010,2020,52218,18683,248,132959,17829,351,7350,8.4,6556344,18.7,47040,85.7
Arizona,2013,2010,2020,47820,16784,469,156768,17164,351,6627,7.8,6634690,18.6,52610,85.9
Arizona,2014,2010,2020,42554,17019,496,150247,16182,305,6176,6.8,6732873,18.2,49250,86.1
Arizona,2015,2010,2020,37677,16687,651,151064,20198,304,6334,6.1,6832810,17.4,52250,86.1
Arizona,2016,2010,2020,37894,18328,1089,149515,21130,389,7008,5.5,6944767,16.4,57100,86.7
Arizona,2017,2010,2020,37626,19044,2409,147537,24304,423,7418,5,7048088,14.9,59700,87.2
Arizona,2018,2010,2020,31293,18991,2264,140053,22957,379,6612,4.8,7164228,14.1,62280,87.5
Arizona,2019,2010,2020,28286,17812,2563,128660,22257,358,6366,4.8,7291843,13.5,70670,87.6
Arizona,2020,2010,2020,24054,17799,7807,121475,25300,480,6256,7.8,7187135,12.8,67090,89.1
Arizona,2021,2010,2020,10377,6796,14616,54796,9927,207,1361,5,7274078,12.9,70820,89
Arizona,2022,2010,2020,20691,18969,20872,116648,23481,526,5487,3.7,7377566,12.5,73450,89.2
Arizona,2023,2010,2020,17530,20452,20937,95136,22065,442,4605,3.7,7473027,12.6,82660,89.4
,,,,,,,,,,,,,,,
Arkansas,2005,2016,,28598,6991,1470,72508,10340,181,2479,5.3,2781097,17.2,36660,81
Arkansas,2006,2016,,31241,7353,1294,71536,11006,204,2727,5.2,2821761,17.3,37060,80.5
Arkansas,2007,2016,,31388,6892,1960,72136,10386,196,3080,5.4,2848650,17.6,40800,81.1
Arkansas,2008,2016,,33463,6493,2318,69152,10134,164,2753,5.4,2874554,17.3,39590,82
Arkansas,2009,2016,,33111,5822,2480,66086,10299,171,2533,7.7,2896843,18.5,36540,82.4
Arkansas,2010,2016,,31117,5378,2754,63853,10493,132,2334,7.8,2921998,18.7,38590,82.9
Arkansas,2011,2016,,33369,5673,3125,69572,10275,159,2337,7.9,2941038,19.3,41300,83.8
Arkansas,2012,2016,,32014,5630,3407,69795,9987,173,2287,7.3,2952876,19.6,39020,84.8
Arkansas,2013,2016,,28808,5418,3712,67606,9352,155,2212,7,2960459,19.4,39380,84.4
Arkansas,2014,2016,,22909,5171,3511,63620,9586,165,1880,5.9,2968759,18.7,44920,85.3
Arkansas,2015,2016,,21475,5521,3712,64345,10820,178,2042,5,2979732,18.7,42800,85.4
Arkansas,2016,2016,,22855,6961,5806,63862,11551,210,2071,4,2991815,17.2,45910,86
Arkansas,2017,2016,,21457,7002,20499,61610,12126,251,1847,3.7,3003855,16.3,49750,86.7
Arkansas,2018,2016,,19077,7167,22009,61105,12465,229,1578,3.6,3012161,16.8,49780,87.2
Arkansas,2019,2016,,17305,7243,21792,59209,13047,235,1499,3.5,3020985,16,54540,87.5
Arkansas,2020,2016,,15596,7818,19466,54674,16008,321,1454,6.2,3014546,15.2,50780,88.2
Arkansas,2021,2016,,14380,8344,20738,52608,16861,326,1276,4,3026870,16,50780,88.7
Arkansas,2022,2016,,14098,7646,18803,52937,15827,311,1210,3.2,3047704,16.3,53980,89.1
Arkansas,2023,2016,,12413,6622,18884,48872,15123,290,1157,3.1,3069463,15.4,63250,89.3
,,,,,,,,,,,,,,,
California,2005,1996,2016,249563,256998,0,688818,114321,2503,63424,5.4,35827943,13.3,51760,80.1
California,2006,1996,2016,247230,243655,0,669103,111620,2486,71142,4.9,36021202,13.1,55320,80.1
California,2007,1996,2016,237841,220123,0,654493,109540,2262,70701,5.3,36250311,12.4,55730,80.2
California,2008,1996,2016,237802,192529,0,650643,104895,2142,69388,7.3,36604337,13.3,57010,80.2
California,2009,1996,2016,229571,163556,0,613676,99947,1972,64006,11.4,36961229,14.2,56130,80.6
California,2010,1996,2016,228759,152500,0,600426,95829,1809,58100,12.3,37319550,15.8,54280,80.7
California,2011,1996,2016,229955,146772,0,596606,91149,1792,54268,11.7,37636311,16.6,53370,81.1
California,2012,1996,2016,245645,168542,0,634798,94667,1884,56499,10.4,37944551,17,57020,81.5
California,2013,1996,2016,232009,165262,0,621430,89010,1746,53632,9,38253768,16.8,60790,81.7
California,2014,1996,2016,202632,151826,0,592565,91790,1700,48673,7.6,38586706,16.4,60490,82.1
California,2015,1996,2016,197234,170819,0,655952,99231,1861,52805,6.2,38904296,15.4,63640,82.2
California,2016,1996,2016,188195,176706,0,636677,104337,1930,54774,5.5,39149186,14.4,66640,82.4
California,2017,1996,2016,176666,168369,0,641961,105408,1830,56611,4.8,39337785,13.3,70040,83.3
California,2018,1996,2016,164591,155204,0,621520,105382,1739,54321,4.3,39437463,12.8,70490,83.8
California,2019,1996,2016,151664,140783,1,623201,104846,1679,52053,4.1,39437610,11.8,78100,84
California,2020,1996,2016,145418,168086,63,527896,113572,2202,44693,10.2,39521958,11.5,77650,84.4
California,2021,1996,2016,26036,31862,37834,100505,26543,392,6725,7.4,39142565,12.3,81580,84.4
California,2022,1996,2016,144468,183730,68429,582095,129375,2235,47922,4.3,39142414,12.2,85300,84.7
California,2023,1996,2016,133924,197973,93340,566022,135959,1913,49438,4.7,39198693,12,89870,84.8
,,,,,,,,,,,,,,,
Colorado,2005,2000,2012,33855,25348,6033,123470,11999,166,3868,5.1,4631888,10.9,50450,88.7
Colorado,2006,2000,2012,32307,20601,5193,109920,12584,171,3818,4.2,4720423,11.6,55700,88
Colorado,2007,2000,2012,28491,16560,4899,99687,11296,155,3452,3.7,4803868,11.5,61140,88.9
Colorado,2008,2000,2012,27855,13275,5499,97124,11655,165,3392,4.8,4889730,11.2,60940,88.9
Colorado,2009,2000,2012,26371,12398,4848,94059,11106,157,3359,8,4972195,12.6,55930,89.3
Colorado,2010,2000,2012,25655,11108,5069,95381,11176,127,3144,9.1,5047539,13.2,60230,89.7
Colorado,2011,2000,2012,25422,10923,5535,94816,10213,154,3287,8.7,5121900,13.4,58630,90.2
Colorado,2012,2000,2012,25651,11939,7006,98744,10116,163,3369,8,5193660,13.6,57260,90.6
Colorado,2013,2000,2012,24736,12390,5919,101016,9691,172,3122,6.7,5270774,12.9,67910,90.5
Colorado,2014,2000,2012,23134,12471,7140,98254,10081,148,3021,5,5352637,12.1,60940,90.5
Colorado,2015,2000,2012,23369,15969,8179,102527,10487,173,3305,3.7,5454328,11.5,66600,91.2
Colorado,2016,2000,2012,23548,19487,9835,107057,11595,188,3511,3.1,5543844,11,70570,91.4
Colorado,2017,2000,2012,22599,21762,20778,105470,12645,224,3808,2.6,5617421,10.3,74980,91.6
Colorado,2018,2000,2012,21606,21921,22507,109217,14412,218,3790,3,5697155,9.7,73030,91.9
Colorado,2019,2000,2012,20087,21637,21948,107626,14010,231,3720,2.7,5758486,9.4,72500,92.4
Colorado,2020,2000,2012,23458,30505,14769,111611,16800,305,3983,6.8,5787129,9,83780,92.7
Colorado,2021,2000,2012,24378,41272,15710,116963,18928,366,4330,5.5,5814036,9.7,84950,92.4
Colorado,2022,2000,2012,23260,46174,16582,115767,20619,384,4393,3.1,5850935,9.5,89930,93
Colorado,2023,2000,2012,21249,38678,17586,110634,20591,317,3840,3.3,5901339,9.4,96640,93.3
,,,,,,,,,,,,,,,
Connecticut,2005,2012,2021,14558,9585,1654,61510,4212,103,3412,4.9,3506956,13.3,56840,87.9
Connecticut,2006,2012,2021,15511,10255,2291,64482,5188,137,4448,4.4,3517460,13.1,62400,88
Connecticut,2007,2012,2021,15640,9951,682,60937,5441,113,4303,4.5,3527270,12.4,64140,88
Connecticut,2008,2012,2021,15107,8891,2260,63212,5882,132,4043,5.6,3545579,13.3,64680,88.6
Connecticut,2009,2012,2021,15171,7461,1900,59978,5822,106,4000,8.3,3561807,14.2,64850,88.6
Connecticut,2010,2012,2021,15145,6701,1624,56413,5802,132,3553,9.5,3579173,15.8,66000,88.6
Connecticut,2011,2012,2021,15468,6670,1826,55067,5382,129,3689,9,3588632,16.6,65420,89.1
Connecticut,2012,2012,2021,14787,6478,1604,55904,5424,143,3709,8.4,3595211,17,64250,89.9
Connecticut,2013,2012,2021,12934,6241,2586,52099,4906,91,3551,8,3595792,16.8,69290,89.7
Connecticut,2014,2012,2021,12017,6114,3479,51195,4520,89,3172,6.6,3595697,16.4,70160,90.1
Connecticut,2015,2012,2021,10286,6426,3508,48898,4099,116,2925,5.6,3588561,15.4,72890,90.2
Connecticut,2016,2012,2021,10105,7126,4377,47637,4587,80,2711,4.9,3579830,14.4,75920,90.5
Connecticut,2017,2012,2021,8904,7322,10063,47404,4417,109,2814,4.4,3575324,13.3,74300,90.4
Connecticut,2018,2012,2021,8032,7425,9975,44761,4320,91,2206,3.9,3574561,12.8,72810,90.9
Connecticut,2019,2012,2021,6486,5991,9676,38691,3745,106,1944,3.6,3566022,11.8,87290,90.7
Connecticut,2020,2012,2021,6766,8509,6246,40963,3715,150,2072,8,3579918,11.5,79430,91.6
Connecticut,2021,2012,2021,5567,7785,5636,42541,3291,159,1976,6.5,3606607,12.3,80960,91.1
Connecticut,2022,2012,2021,4780,7175,4524,42847,3084,140,1659,4,3617925,12.2,90730,91.5
Connecticut,2023,2012,2021,4687,10646,4353,41395,3046,137,1585,3.2,3643023,12,92240,91.8
,,,,,,,,,,,,,,,
Deleware,2005,2011,2023,5901,2397,146,18359,3719,41,1361,4.1,845150,10.3,51240,85.6
Deleware,2006,2011,2023,6337,2884,7,20448,3733,42,1791,3.6,859268,10.7,52440,85.5
Deleware,2007,2011,2023,6420,2342,175,20452,3957,39,1763,3.4,871749,10.3,54590,87.4
Deleware,2008,2011,2023,6783,2557,191,22045,3912,57,1847,4.9,883874,10.3,50700,87.2
Deleware,2009,2011,2023,6933,1905,188,20802,3592,41,1679,8.2,891730,11.2,52110,87.4
Deleware,2010,2011,2023,7550,1935,2451,21593,3391,51,1839,8.3,899647,11.9,55210,87.7
Deleware,2011,2011,2023,7617,1545,2487,22001,3231,48,1558,7.4,907590,12.6,54660,87
Deleware,2012,2011,2023,7390,1438,2444,21881,3245,56,1498,7,915518,12.7,48970,88.5
Deleware,2013,2011,2023,6296,1355,2754,21339,2960,41,1233,6.5,924062,12.9,54090,88.3
Deleware,2014,2011,2023,5765,1265,3756,20880,2857,50,1271,5.6,933131,13,57520,89
Deleware,2015,2011,2023,4797,1193,4040,19555,3097,62,1240,4.8,942065,12.6,57760,88.9
Deleware,2016,2011,2023,5028,1530,3615,19811,3131,58,1359,4.5,949989,11.8,58050,89.3
Deleware,2017,2011,2023,3951,1357,8046,18096,2887,49,1079,4.4,957942,13,64960,90.6
Deleware,2018,2011,2023,3142,1469,8770,17777,2833,47,860,3.7,966985,12.2,65010,89.8
Deleware,2019,2011,2023,2973,1596,9479,17314,2949,46,784,3.6,976668,11.2,74190,90.3
Deleware,2020,2011,2023,2520,1666,6757,15203,3272,73,697,7.5,991928,10.9,70020,91
Deleware,2021,2011,2023,2402,1674,6254,14864,3244,97,565,5.4,1005062,11.5,68690,91.4
Deleware,2022,2011,2023,2079,1780,6366,16275,3084,49,583,4.2,1020625,10,80750,92
Deleware,2023,2011,2023,1851,2572,5154,15620,3264,46,543,3.8,1036423,10.8,86340,91.4
,,,,,,,,,,,,,,,
Florida,2005,2016,,164328,75122,1,471360,88141,879,30076,3.7,17842038,12.8,42990,84.6
Florida,2006,2016,,170660,76382,1,473148,87732,1128,34110,3.3,18166990,12.6,45680,84.5
Florida,2007,2016,,181577,73543,0,490085,86249,1202,38112,4,18367842,12.1,45790,84.9
Florida,2008,2016,,188192,63453,0,506268,82716,1168,36233,6.3,18527305,13.3,44860,85.2
Florida,2009,2016,,181658,50204,0,479282,76023,1017,30881,10.2,18652644,15,45630,85.3
Florida,2010,2016,,169018,41439,0,458159,69482,987,26071,11.2,18846143,16.5,44070,85.5
Florida,2011,2016,,170122,39612,0,461265,66299,984,25615,10.2,19055607,17,45110,85.9
Florida,2012,2016,,153335,37275,0,441369,63845,1009,23853,8.7,19302016,17.2,46070,86.5
Florida,2013,2016,,138442,34825,0,432066,60834,970,23151,7.5,19551678,17.1,48530,86.8
Florida,2014,2016,,120963,36111,0,424998,61404,981,21576,6.4,19853880,16.6,46140,87.2
Florida,2015,2016,,109001,40577,0,419379,63738,1040,21097,5.5,20219111,15.8,48830,87.6
Florida,2016,2016,,100090,43044,2,409379,59678,1108,20132,4.9,20627237,14.8,51180,87.4
Florida,2017,2016,,88783,42885,1,395152,57986,1057,18584,4.3,20977089,14.1,53090,88.4
Florida,2018,2016,,71816,41132,9,372598,55504,1107,16874,3.6,21254926,13.7,54640,88.5
Florida,2019,2016,,63149,38982,12,357835,55333,1120,16199,3.2,21492056,12.7,58370,88.4
Florida,2020,2016,,52027,38087,72,292842,60693,1288,13470,8.1,21592035,12.4,57760,89.6
Florida,2021,2016,,9387,7469,19020,68800,15733,368,2484,4.7,21831949,13.2,59730,89.8
Florida,2022,2016,,30817,23530,28722,214600,44147,919,8292,3,22379312,12.7,65370,89.9
Florida,2023,2016,,26183,22654,36203,188465,36799,754,6855,3,22904868,12.4,72200,90.2
,,,,,,,,,,,,,,,
,,,,,,,,,,,,,,,
,,,,,,,,,,,,,,,
Hawaii,2005,2000,,10073,8858,0,41704,2075,25,1022,3.1,1292729,9.9,59590,88.1
Hawaii,2006,2000,,8220,7600,0,36345,1999,20,1130,2.7,1309731,9.4,60470,89
Hawaii,2007,2000,,9089,6283,0,37494,2021,24,1122,2.4,1315675,8.5,64020,89.4
Hawaii,2008,2000,,9404,5116,0,31424,2036,26,1085,3.1,1332213,9.3,61520,90.3
Hawaii,2009,2000,,9244,4857,0,33415,2112,23,1030,5.8,1346717,10.4,55650,90.4
Hawaii,2010,2000,,8706,5280,0,31681,2136,25,1065,6.8,1364004,11.1,59540,89.9
Hawaii,2011,2000,,8165,4469,0,31240,2098,20,994,6.6,1379562,12.1,59050,90.6
Hawaii,2012,2000,,7653,3865,0,31901,1953,21,1125,6.4,1395199,11.8,56260,90.4
Hawaii,2013,2000,,5009,2724,0,20639,1417,21,562,5,1408822,11.2,64240,91
Hawaii,2014,2000,,4094,2743,0,17197,1039,15,428,4.6,1415335,11.5,71220,91.7
Hawaii,2015,2000,,6810,5439,0,33140,1878,29,1085,3.8,1422999,10.7,64510,90.9
Hawaii,2016,2000,,5983,5499,12,30871,1831,35,985,3.1,1428885,9.5,72130,92
Hawaii,2017,2000,,5549,5269,112,29574,1894,39,1077,2.6,1425763,9.5,73600,92.3
Hawaii,2018,2000,,5722,5718,2456,29626,1958,37,952,2.1,1423102,9,80110,92
Hawaii,2019,2000,,5547,5235,2456,29924,2024,31,1081,2.8,1415615,9,88010,92.4
Hawaii,2020,2000,,4690,5391,2288,24206,2151,48,867,2.2,1451252,8.9,80830,93.3
Hawaii,2021,2000,,4813,6853,4444,26419,2227,27,902,9.5,1447029,10.9,82200,92.9
Hawaii,2022,2000,,4033,6334,4127,26462,2187,39,1008,3.1,1440359,10,91010,92.9
Hawaii,2023,2000,,2879,5080,2916,19015,1720,29,668,3.1,1441387,10.2,97360,93
,,,,,,,,,,,,,,,
,,,,,,,,,,,,,,,
,,,,,,,,,,,,,,,
Illinois,2005,2013,2020,33161,25146,0,109329,21375,514,17485,6,12609903,1484992,48400,
Illinois,2006,2013,2020,58563,31915,0,200603,31758,678,21639,5.2,12643955,1536133,48670,85
Illinois,2007,2013,2020,57950,29027,104,199367,32172,736,21315,4.6,12695866,1496152,52510,85.7
Illinois,2008,2013,2020,60523,28240,88,199953,31471,709,22205,5.6,12747038,1529235,53250,85.9
Illinois,2009,2013,2020,60297,22817,0,186162,28905,690,21271,8.2,12796778,1671343,52870,86.4
Illinois,2010,2013,2020,75159,28433,62,233973,32090,700,20158,11.3,12840545,1732129,50730,86.9
Illinois,2011,2013,2020,75889,29082,122,230863,29820,780,20046,9.5,12867783,1871484,50640,87.2
Illinois,2012,2013,2020,69149,25955,0,228304,29058,768,19280,9.3,12883029,1847371,51740,87.6
Illinois,2013,2013,2020,58056,20750,0,211135,27744,719,17715,9.2,12895778,1841996,53940,87.8
Illinois,2014,2013,2020,49394,17609,59,195417,26892,679,15099,8.3,12885092,1802337,54920,88.2
Illinois,2015,2013,2020,45565,17428,30,186908,28406,747,14904,6.1,12859585,1702210,60410,88.6
Illinois,2016,2013,2020,46496,19473,80,189011,31361,1052,17566,6.2,12821709,1620974,61390,88.8
Illinois,2017,2013,2020,42136,20478,515,187119,31333,1467,17336,5.3,12779893,1568670,65970,89.1
Illinois,2018,2013,2020,38385,19535,676,183544,30967,897,14258,4.5,12724685,1509348,70150,89.5
Illinois,2019,2013,2020,33156,18496,685,176365,32151,844,12513,4.6,12667017,1415838,74400,89.8
Illinois,2020,2013,2020,28632,20384,867,143798,33313,1122,12021,3.7,12799088,1351159,74330,90.4
Illinois,2021,2013,2020,13377,12457,14261,63985,11205,583,6205,7.2,12700641,1493042,79250,90.2
Illinois,2022,2013,2020,21044,31706,18841,123180,15823,898,11348,4.8,12621821,1465724,78020,90.4
Illinois,2023,2013,2020,26979,41667,23206,133323,16978,814,13583,4.4,12642259,1424894,87820,90.6
,,,,,,,,,,,,,,,
,,,,,,,,,,,,,,,
,,,,,,,,,,,,,,,
,,,,,,,,,,,,,,,
,,,,,,,,,,,,,,,
,,,,,,,,,,,,,,,
,,,,,,,,,,,,,,,
,,,,,,,,,,,,,,,
,,,,,,,,,,,,,,,
Louisiana,2005,2017,,34572,12850,0,98835,17174,400,4846,5.6,4576628,20.2,37240,80.5
Louisiana,2006,2017,,43395,14988,0,103925,20992,536,5594,4.6,4302665,19.4,36490,79.4
Louisiana,2007,2017,,44818,14943,130,112527,22215,612,6123,4.1,4375581,18.8,41310,79.9
Louisiana,2008,2017,,42807,13058,297,104759,20340,530,5983,4.1,4435586,17.6,39560,81.2
Louisiana,2009,2017,,44145,11167,295,107025,19074,518,5921,6,4491648,17.6,45430,82.2
Louisiana,2010,2017,,43696,9742,447,105646,17300,497,5161,7,4544635,18.8,39300,81.9
Louisiana,2011,2017,,43501,8822,0,106995,17143,503,5058,7.7,4576244,20.5,40660,82.5
Louisiana,2012,2017,,40201,7625,7,107540,14925,485,5290,7.1,4602067,20.1,39090,83
Louisiana,2013,2017,,40002,8999,52,111378,15724,490,5422,6.6,4626040,20,46430,83.1
Louisiana,2014,2017,,37151,9344,225,108884,16630,465,5603,5.6,4645938,19.9,42410,83.6
Louisiana,2015,2017,,34822,9431,246,110428,17117,487,5503,6.7,4666998,19.5,45920,84.6
Louisiana,2016,2017,,34150,10040,233,107620,18254,552,5532,6,4681346,20.1,42200,84.4
Louisiana,2017,2017,,33184,10839,6065,108951,17705,571,5259,5.8,4673673,19.6,43570,85.1
Louisiana,2018,2017,,29977,11320,6590,105557,17219,523,4483,4.7,4664450,18.7,49970,85.8
Louisiana,2019,2017,,25656,10514,8241,105763,18221,530,3909,4.7,4658285,18.8,51710,86
Louisiana,2020,2017,,22287,11551,9636,91620,21884,727,3492,4.7,4652301,17.8,51190,86.9
Louisiana,2021,2017,,21203,12208,24565,73703,22265,822,2630,7,4627971,19.5,57210,86.7
Louisiana,2022,2017,,20875,13466,25025,81352,20610,710,2950,3.9,4593687,18.6,58320,87.3
Louisiana,2023,2017,,19137,16893,23281,76155,18813,645,2328,3.6,4588071,18.9,57650,87.8
,,,,,,,,,,,,,,,
Maine,2005,1999,2016,6259,1337,0,24055,809,19,322,4.8,1318787,12.3,43920,89
Maine,2006,1999,2016,6836,1346,0,25462,786,23,383,4.7,1323619,12.7,45640,88.7
Maine,2007,1999,2016,6745,1276,0,24228,804,20,349,4.6,1327040,12.2,47890,89.4
Maine,2008,1999,2016,6559,1179,0,24695,829,31,333,4.7,1330509,12.6,47230,89.7
Maine,2009,1999,2016,6742,1022,0,23959,796,26,399,7.4,1329590,12.6,47500,90.2
Maine,2010,1999,2016,7379,990,37,24578,796,24,412,8.7,1327651,13.1,47930,90.3
Maine,2011,1999,2016,7865,1078,43,24886,848,26,370,8.1,1328473,14.2,49690,90.9
Maine,2012,1999,2016,7477,991,0,24926,808,26,420,7.3,1328094,14.4,49160,91.6
Maine,2013,1999,2016,6483,911,5,23064,909,24,335,7.1,1328543,14,54960,91.8
Maine,2014,1999,2016,5035,801,0,20591,889,21,304,6.1,1331217,14,51710,91.7
Maine,2015,1999,2016,4694,814,0,18853,931,23,311,4.9,1329098,13.2,50760,91.7
Maine,2016,1999,2016,4003,773,0,17118,948,20,268,4,1332348,12.3,50860,92.3
Maine,2017,1999,2016,3337,793,1061,16012,868,23,249,3.5,1335743,11.3,53320,92.3
Maine,2018,1999,2016,2712,777,1144,14711,802,23,228,3.1,1340123,11.6,58660,93
Maine,2019,1999,2016,2361,728,2468,13707,829,23,193,3.1,1345770,10.9,66550,93.2
Maine,2020,1999,2016,2029,867,2317,12787,794,23,171,3.2,1364571,10.6,63690,93.6
Maine,2021,1999,2016,1811,901,3815,12989,851,20,160,4.4,1378931,11.2,71140,94.5
Maine,2022,1999,2016,1614,997,3535,14307,837,29,141,3.7,1390922,10.9,75160,94.6
Maine,2023,1999,2016,1556,1110,4024,13102,792,60,164,2.5,1399646,10.5,75740,94.9
,,,,,,,,,,,,,,,
Maryland,2005,2014,2022,35921,34070,0,128483,23173,552,14378,4.4,5592379,8.3,60510,87
Maryland,2006,2014,2022,37457,30522,0,127497,22011,546,14375,3.7,5627367,8,63670,87.1
Maryland,2007,2014,2022,37095,28393,0,127308,21072,554,13258,3.7,5653408,8.3,65630,87.4
Maryland,2008,2014,2022,38849,25333,0,133983,20570,493,13203,3.3,5684965,8.2,63710,88
Maryland,2009,2014,2022,36905,19619,0,125771,20022,440,12007,6.1,5730388,9.2,64190,88.2
Maryland,2010,2014,2022,36704,18027,0,118578,18899,426,11054,8,5788784,9.9,64200,88.1
Maryland,2011,2014,2022,35781,16067,0,114867,16867,399,10338,7.4,5840241,10.2,68880,88.9
Maryland,2012,2014,2022,33472,14495,0,113748,16303,373,10173,7,5888375,10.4,71840,89.1
Maryland,2013,2014,2022,31374,13232,0,109946,15753,381,9862,6.8,5925197,10.2,69350,89.1
Maryland,2014,2014,2022,27886,13011,0,107926,15035,362,9515,6,5960064,10.4,76170,89.6
Maryland,2015,2014,2022,25145,12820,0,96326,14828,540,9553,5.4,5988528,9.9,73590,89.6
Maryland,2016,2014,2022,24822,13852,0,100843,15824,534,10824,4.5,6007014,9.7,73760,90.1
Maryland,2017,2014,2022,23339,13289,4818,96785,16773,553,11109,4.2,6028186,9.4,82090,89.9
Maryland,2018,2014,2022,18944,12158,5142,91984,16150,492,9720,4.1,6042153,9.1,86220,90.5
Maryland,2019,2014,2022,16881,11296,5355,90002,15814,546,9215,3.6,6054954,9.1,95570,90.4
Maryland,2020,2014,2022,14916,10634,3042,72426,15133,571,7262,3.3,6177935,9,94790,91.1
Maryland,2021,2014,2022,6839,7667,16417,39515,9227,403,4197,6.4,6179403,10.3,97330,91.1
Maryland,2022,2014,2022,12231,14392,23506,78164,16209,607,7282,3.5,6192440,9.8,108200,91.4
Maryland,2023,2014,2022,12253,34537,17494,86580,16587,529,8118,2.3,6217062,9.7,102000,91.2
,,,,,,,,,,,,,,,
Massachusetts,2005,2012,2016,33887,18561,487,95470,22120,177,7743,4.9,6403290,10.3,56020,88
Massachusetts,2006,2012,2016,34668,17761,264,99138,21867,187,8014,4.7,6410084,10,55330,87.9
Massachusetts,2007,2012,2016,35273,14890,536,102441,20735,186,6970,4.6,6431559,10,58460,88.4
Massachusetts,2008,2012,2016,35860,12648,1149,105786,20966,166,7031,4.5,6468967,10.1,60320,88.7
Massachusetts,2009,2012,2016,34226,11781,865,105935,21004,173,7435,7.1,6517613,10.3,59370,89
Massachusetts,2010,2012,2016,37425,11360,862,103607,21766,214,6849,8.6,6566440,11.4,60930,89.1
Massachusetts,2011,2012,2016,35610,10571,942,99380,19244,183,6679,7.6,6614218,11.6,63310,89.2
Massachusetts,2012,2012,2016,33864,9057,852,97198,18360,121,6484,6.7,6664269,11.9,63660,89.7
Massachusetts,2013,2012,2016,30238,8993,1253,95974,17848,137,6641,6.7,6715158,11.9,62530,89.9
Massachusetts,2014,2012,2016,24337,8135,1533,90132,17852,132,5996,6.2,6764864,11.7,63150,89.7
Massachusetts,2015,2012,2016,21263,7855,1397,82447,18503,130,5179,5.2,6797484,11.5,67860,90.2
Massachusetts,2016,2012,2016,18751,7897,2013,77272,17927,133,5283,4.4,6827280,10.5,72270,90.4
Massachusetts,2017,2012,2016,16864,7417,9775,72769,17039,172,4791,3.9,6863560,10.5,76240,90.8
Massachusetts,2018,2012,2016,13904,6532,9142,66297,16602,137,4074,3.7,6885720,10,86350,90.8
Massachusetts,2019,2012,2016,12223,5872,9476,62450,16519,153,3606,3.2,6894883,9.5,87710,91.3
Massachusetts,2020,2012,2016,10374,6858,8894,55543,16265,164,3007,3,6994598,9.4,87810,91.3
Massachusetts,2021,2012,2016,9582,6792,10092,53469,16179,133,2620,6.8,7000474,10.4,86570,91.1
Massachusetts,2022,2012,2016,10114,6959,8940,58062,17748,151,2641,3.8,7022468,10.4,93550,91.3
Massachusetts,2023,2012,2016,9324,8379,9646,59755,17327,145,2560,3.5,7066568,10.5,106500,91.4
,,,,,,,,,,,,,,,
Michigan,2005,2008,2018,69804,48070,1725,190954,36537,648,13304,7.2,10051137,13.1,45930,87
Michigan,2006,2008,2018,75704,49831,2210,196728,36515,721,14174,6.7,10036081,13.5,48650,87.2
Michigan,2007,2008,2018,74305,41655,2167,187572,34835,659,13296,6.9,10001284,13.9,49370,87.4
Michigan,2008,2008,2018,73890,35469,2795,181166,32889,553,13186,7.2,9946889,14.4,49790,88.1
Michigan,2009,2008,2018,75224,29151,2961,175520,31949,621,12378,11,9901591,16.1,45990,87.9
Michigan,2010,2008,2018,73124,27128,4998,165520,31505,583,11436,13.9,9877597,16.7,46280,88.7
Michigan,2011,2008,2018,69459,24826,6798,156040,28373,616,10249,10.8,9883053,17.5,48880,88.8
Michigan,2012,2008,2018,64640,24797,12092,155471,28885,701,10360,9.2,9898289,17.4,50020,89.2
Michigan,2013,2008,2018,55080,23818,15598,145866,26849,623,10017,9,9914802,17,56570,89.4
Michigan,2014,2008,2018,43938,21110,18219,135025,27400,544,8004,8.1,9932033,16.2,52010,89.9
Michigan,2015,2008,2018,40092,18715,20679,130781,26438,583,7795,6,9934483,15.7,54200,90.1
Michigan,2016,2008,2018,39515,20194,26708,129001,30622,612,7107,4.9,9954117,14.9,57090,90.4
Michigan,2017,2008,2018,35716,19558,49629,123904,30644,575,6478,4.9,9976752,14.1,56410,90.9
Michigan,2018,2008,2018,31726,17468,47048,116117,30994,560,5636,4.5,9987286,14,60450,91.1
Michigan,2019,2008,2018,28277,17767,23420,110779,30313,579,5343,4.2,9984795,12.9,64120,91.4
Michigan,2020,2008,2018,23635,18706,21134,95235,36743,762,4578,3.8,10072703,12.6,64390,92
Michigan,2021,2008,2018,20505,21472,22924,93682,37429,762,4011,6.4,10041351,13,64490,92
Michigan,2022,2008,2018,21983,26832,21607,105528,35166,702,3666,4.4,10050877,13.3,68990,91.8
Michigan,2023,2008,2018,20945,28103,21462,106045,35496,596,3701,4,10083356,13.5,76960,92
,,,,,,,,,,,,,,,
Minnesota,2005,2014,2023,29303,14133,1,112357,8058,115,4693,4.3,5119598,9.2,54220,90.9
Minnesota,2006,2014,2023,29616,13058,0,112807,8798,124,5397,4.1,5163555,9.7,56210,90.7
Minnesota,2007,2014,2023,28826,12287,4,111367,8114,114,4695,4.4,5207203,9.5,58060,91
Minnesota,2008,2014,2023,26162,10032,0,110692,7629,109,4150,4.7,5247018,9.6,54930,91.6
Minnesota,2009,2014,2023,25286,8453,0,103975,7321,74,3610,7,5281203,10.9,56090,91.5
Minnesota,2010,2014,2023,24087,8487,0,101875,7125,96,3361,7.7,5310934,11.5,52320,91.8
Minnesota,2011,2014,2023,25495,8086,0,101517,6698,75,3377,7,5346620,11.8,57820,92
Minnesota,2012,2014,2023,25202,8395,0,103297,7103,99,3463,5.8,5377500,11.4,61800,92.5
Minnesota,2013,2014,2023,22708,7964,2,100486,6905,114,3674,5.4,5414722,11.2,64320,92.4
Minnesota,2014,2014,2023,20719,8352,14,95977,6717,88,3683,4.7,5452665,11.4,67240,92.6
Minnesota,2015,2014,2023,19294,7978,20,94559,7139,133,3771,3.8,5484002,10.2,68730,92.8
Minnesota,2016,2014,2023,18493,8676,119,90081,7115,100,3729,3.7,5525360,9.9,70220,92.9
Minnesota,2017,2014,2023,18775,9977,682,93474,7166,112,3646,3.8,5569283,9.5,69980,93.1
Minnesota,2018,2014,2023,16186,10104,2553,85514,6839,105,2949,3.1,5608762,9.6,71820,93.4
Minnesota,2019,2014,2023,15985,11235,6637,90452,7569,127,3154,3.3,5640053,8.9,81430,93.6
Minnesota,2020,2014,2023,17454,14204,13311,88804,9382,177,3873,3.4,5710735,8.3,78750,93.8
Minnesota,2021,2014,2023,14921,14389,21057,87852,10834,205,4011,4.5,5718660,9.3,80440,94.1
Minnesota,2022,2014,2023,12308,16541,19302,84191,10308,183,3271,2.7,5721621,9.6,90390,94
Minnesota,2023,2014,2023,10655,15339,15548,72184,9999,183,2788,2.8,5753048,9.2,90340,94.3
,,,,,,,,,,,,,,,
Mississippi,2005,2022,,20449,6182,0,48786,3445,163,2008,6.9,2905943,21,32880,78.5
Mississippi,2006,2022,,22241,7011,0,48295,3486,189,2812,6.9,2904978,20.9,34730,77.9
Mississippi,2007,2022,,21559,5902,0,46114,3273,164,2500,6.4,2928350,20.7,37280,78.5
Mississippi,2008,2022,,20756,5306,0,44763,3572,196,2636,6,2947806,20.8,36450,79.9
Mississippi,2009,2022,,24488,4760,0,45281,3356,156,2643,8,2958774,21.8,35080,80.4
Mississippi,2010,2022,,25267,4617,0,45203,3246,170,2472,10.5,2970615,22.4,38160,81
Mississippi,2011,2022,,23145,4029,0,42025,3358,191,2088,9.9,2979147,22.8,41090,81.1
Mississippi,2012,2022,,20703,3527,0,40508,3289,177,1959,9.1,2984599,23.8,36640,82.3
Mississippi,2013,2022,,16461,3195,0,37354,3027,145,1853,8.7,2989839,23.9,32340,82.4
Mississippi,2014,2022,,14889,3164,0,38671,2792,174,1769,8.1,2991892,21.9,35520,82.8
Mississippi,2015,2022,,14335,3041,0,35734,2584,161,1649,6.8,2990231,22.1,40040,83.5
Mississippi,2016,2022,,13181,2946,0,34670,2651,157,1660,6.3,2990595,21,41100,84.1
Mississippi,2017,2022,,12051,2963,2817,32095,2809,158,1332,5.6,2990674,19.9,43280,84.4
Mississippi,2018,2022,,9870,3335,3502,28552,2731,150,1102,4.9,2982879,19.8,42780,85.4
Mississippi,2019,2022,,9168,3644,5577,29109,2718,194,1089,5.4,2978227,19.5,44790,85.3
Mississippi,2020,2022,,9945,4410,9602,30256,3876,259,1118,5.6,2958536,18.7,45130,86.8
Mississippi,2021,2022,,7214,3380,12798,22828,2965,160,501,6.4,2947209,19.2,46640,86.5
Mississippi,2022,2022,,5939,3082,13041,21524,3113,138,438,4,2941939,19.2,48610,87.6
Mississippi,2023,2022,,4901,2964,10982,17621,2324,118,336,3.4,2943172,18.3,55060,87.8
,,,,,,,,,,,,,,,
Missouri,2005,2018,2022,42701,25615,0,158731,21135,404,7170,6,5790300,13.6,41946,85
Missouri,2006,2018,2022,44700,25387,1,153719,22153,369,7591,5,5842704,13.8,42838,84.8
Missouri,2007,2018,2022,44843,23879,5,156113,23044,367,7724,4.8,5887612,13.3,45012,85.6
Missouri,2008,2018,2022,45675,20740,0,149763,20202,456,7391,5.4,5923916,13.5,46847,86.5
Missouri,2009,2018,2022,43462,17395,202,140530,20028,387,7431,8,5961088,14.6,45149,86.8
Missouri,2010,2018,2022,43940,16068,391,139716,19264,421,6158,9.6,5996089,15.3,44306,86.9
Missouri,2011,2018,2022,44863,15326,178,138820,18765,367,6273,9.2,6011182,15.8,45231,87.6
Missouri,2012,2018,2022,42423,16314,1531,140704,19450,390,5778,7.5,6026027,16.2,45320,88
Missouri,2013,2018,2022,38766,16334,1043,134368,18041,368,5486,6.9,6042989,15.8,46905,88.7
Missouri,2014,2018,2022,35245,16362,2949,124595,18457,404,5591,6.6,6059130,15.5,48288,88.9
Missouri,2015,2018,2022,33950,16988,2553,122493,20778,503,6372,5.6,6075411,14.8,50200,88.9
Missouri,2016,2018,2022,31652,18271,3129,120457,22002,539,6569,4.5,6091384,14,51713,89.6
Missouri,2017,2018,2022,30053,19920,6094,123142,22715,603,6379,4.2,6111382,13.4,53506,89.7
Missouri,2018,2018,2022,27129,19777,11295,114747,21874,603,5198,3.5,6125986,13.2,54412,90.5
Missouri,2019,2018,2022,26042,21097,16652,113433,22086,578,4971,3.3,6140475,12.9,57375,90.7
Missouri,2020,2018,2022,23035,24127,25726,107525,25114,739,4570,3.4,6154744,12.1,58812,91.4
Missouri,2021,2018,2022,18965,23804,37427,98785,24027,632,3733,4.9,6171374,12.8,61815,91.6
Missouri,2022,2018,2022,18203,30942,32550,96085,22957,636,3417,3,6179414,13.1,64783,91.6
Missouri,2023,2018,2022,15914,29661,19919,84657,21664,581,3298,2.8,6208038,12,68484,92
,,,,,,,,,,,,,,,
Montana,2005,2004,2021,3373,1785,0,21904,1894,19,172,4.3,940102,132226,37310,90.7
Montana,2006,2004,2021,3250,1872,96,20935,2803,32,224,3.6,952692,132537,41110,90.1
Montana,2007,2004,2021,3375,1987,147,21724,2912,26,229,2.9,964706,131433,43660,90
Montana,2008,2004,2021,3645,1750,95,20526,2376,40,203,3.8,976415,132971,42900,90.9
Montana,2009,2004,2021,3638,1585,111,19379,2175,32,224,6.5,983982,142257,40440,90.8
Montana,2010,2004,2021,3646,1524,271,19960,2167,27,163,7.4,990730,146257,41280,91.7
Montana,2011,2004,2021,3308,1428,219,18904,2158,29,170,7,997518,148183,40280,92.3
Montana,2012,2004,2021,3883,1679,209,20278,2156,29,202,6,1004168,153105,45090,92.8
Montana,2013,2004,2021,4032,1843,516,19781,2160,23,217,5.5,1014158,159248,43200,92.7
Montana,2014,2004,2021,3561,2018,936,19461,2481,38,199,4.9,1022657,151915,51100,92.6
Montana,2015,2004,2021,3816,2379,799,20774,2775,38,206,4.3,1031495,144634,51400,93.5
Montana,2016,2004,2021,3952,2754,949,21361,2972,37,268,4.3,1042137,136439,57080,92.8
Montana,2017,2004,2021,3626,2605,4808,21083,3052,42,235,4.2,1053862,130616,57410,93
Montana,2018,2004,2021,3307,2798,4710,20497,3135,41,266,3.9,1061818,134185,57680,93.9
Montana,2019,2004,2021,2952,2421,4647,18468,3527,40,209,3.6,1070123,130974,60190,94.2
Montana,2020,2004,2021,3051,2751,3976,17499,4227,54,283,3.5,1087230,130711,56740,94.4
Montana,2021,2004,2021,2707,3005,3216,16600,4177,37,284,4,1106522,129910,65000,94.4
Montana,2022,2004,2021,2422,2537,2870,16934,3810,51,269,2.6,1122095,130117,72970,94
Montana,2023,2004,2021,1937,2162,2920,16656,4046,35,272,2.4,1131302,130301,79220,94.4
,,,,,,,,,,,,,,,
,,,,,,,,,,,,,,,
,,,,,,,,,,,,,,,
Nevada,2005,2000,2016,23474,26937,0,52015,8727,206,4707,4.3,2432143,11.1,48210,82.8
Nevada,2006,2000,2016,24901,27006,0,50425,10329,226,7038,4.1,2522658,10.5,52280,83.9
Nevada,2007,2000,2016,24903,22361,0,49839,11128,193,6938,4.3,2601072,10.6,54060,83.7
Nevada,2008,2000,2016,24240,15931,0,49786,11194,165,6479,5.5,2653630,11.2,54740,83.5
Nevada,2009,2000,2016,22109,12397,0,46456,11429,156,6028,9.2,2684665,12.4,51430,83.9
Nevada,2010,2000,2016,22036,10103,0,41828,11755,157,5257,12.9,2702483,14.8,51200,84.7
Nevada,2011,2000,2016,19319,9044,0,38361,9409,134,4447,13.3,2713114,15.8,47040,84
Nevada,2012,2000,2016,22118,10018,0,45371,10789,124,4918,12.2,2744670,16.2,47330,84.9
Nevada,2013,2000,2016,23022,9992,0,46086,9912,163,5182,10.7,2776956,15.8,51850,85.2
Nevada,2014,2000,2016,21903,10179,0,42423,10554,170,5953,9,2818935,15.4,49880,85.1
Nevada,2015,2000,2016,22368,11354,0,43464,11988,178,6289,7.4,2868531,14.9,52010,85.6
Nevada,2016,2000,2016,18806,13153,0,43843,11584,224,6338,6.3,2919555,14.1,55430,86
Nevada,2017,2000,2016,20049,12812,0,45432,9658,266,4841,5.3,2972097,13.3,58040,86.8
Nevada,2018,2000,2016,17788,11936,1,44408,10758,204,3869,4.7,3030725,13.1,61860,86.9
Nevada,2019,2000,2016,15577,11256,332,44990,9690,144,3284,4.3,3090771,12.7,70910,86.9
Nevada,2020,2000,2016,12063,10919,5615,39845,9914,185,2819,4.2,3116967,12.5,61160,87.2
Nevada,2021,2000,2016,12849,13565,13637,43803,9022,242,2363,8.9,3148141,14,64340,87.2
Nevada,2022,2000,2016,13911,15646,12036,46491,9626,225,2780,5.2,3176116,12.6,72330,87.4
Nevada,2023,2000,2016,13029,21850,12870,46526,9558,235,2419,5.2,3214363,12.2,81310,87.7
,,,,,,,,,,,,,,,
New Hampshire,2005,2013,,3660,1213,450,16539,854,17,339,3.6,1298492,96389,56980,89.9
New Hampshire,2006,2013,,3957,1372,422,18622,948,12,414,3.5,1308389,101872,61970,89.9
New Hampshire,2007,2013,,4609,1311,397,18313,979,11,431,3.7,1312540,93005,67580,90.5
New Hampshire,2008,2013,,3890,1326,541,21268,1149,14,402,3.4,1315906,99939,66180,90.9
New Hampshire,2009,2013,,4452,1039,469,21006,1162,11,432,4.9,1316102,110769,64130,91.3
New Hampshire,2010,2013,,5043,941,551,21475,1250,13,434,6.6,1316807,110096,66630,91.5
New Hampshire,2011,2013,,5336,969,929,22091,1470,16,463,5.6,1320444,114906,65880,91.4
New Hampshire,2012,2013,,4925,927,994,22379,1410,15,458,5.2,1324677,123773,67820,91.8
New Hampshire,2013,2013,,4423,845,973,21403,1353,21,624,5.6,1327272,115146,69100,92.8
New Hampshire,2014,2013,,3958,814,1499,19883,1401,16,526,4.8,1334257,117822,73400,92.2
New Hampshire,2015,2013,,3317,861,1578,18202,1491,15,462,3.8,1337480,108293,75680,93.1
New Hampshire,2016,2013,,2843,845,2797,15739,1550,18,420,2.9,1343694,97753,76260,92.8
New Hampshire,2017,2013,,2534,898,9749,14636,1545,14,414,2.9,1350395,100550,75630,93.1
New Hampshire,2018,2013,,1851,875,8557,13962,1429,21,336,2.8,1355064,100076,81350,93.1
New Hampshire,2019,2013,,1678,884,7634,13364,1115,33,307,2.6,1360783,98310,86900,93.3
New Hampshire,2020,2013,,1422,930,6217,12287,1100,12,261,2.5,1378756,92404,88890,94.1
New Hampshire,2021,2013,,1020,989,6209,12332,892,13,192,4.3,1387677,99562,88840,94.4
New Hampshire,2022,2013,,1058,946,5575,12416,1011,32,225,2.4,1396678,100965,84970,94.5
New Hampshire,2023,2013,,817,899,5291,11003,830,25,232,2.4,1402199,99969,98780,94.4
,,,,,,,,,,,,,,,
New Jersey,2005,2010,2021,38911,27680,0,136780,16073,417,13215,4.4,8651974,8.7,63370,86.3
New Jersey,2006,2010,2021,39374,24743,0,134666,15559,427,13358,4.8,8661679,8.7,68060,86.1
New Jersey,2007,2010,2021,37232,21956,0,133077,14560,381,12565,4.1,8677885,8.5,60510,87
New Jersey,2008,2010,2021,40386,20172,0,138470,14143,376,12696,4.6,8711090,8.7,65310,87.4
New Jersey,2009,2010,2021,36931,15499,0,128250,14109,319,11635,7.2,8755602,9.4,64780,87.4
New Jersey,2010,2010,2021,38676,15531,0,128502,13861,371,11800,10,8799451,10.2,62970,88
New Jersey,2011,2010,2021,43063,17393,0,128515,13555,379,12179,9.5,8828552,10.4,62340,88.1
New Jersey,2012,2010,2021,42246,16458,0,122280,12894,388,11371,9.3,8845671,10.7,66690,88.3
New Jersey,2013,2010,2021,35648,13691,0,117142,12013,400,12041,9.2,8857821,11.4,63750,88.5
New Jersey,2014,2010,2021,31658,11683,0,111348,11175,352,10491,7.2,8867277,11.1,65240,89.1
New Jersey,2015,2010,2021,27814,11542,0,105632,11310,353,9566,6.3,8870312,10.8,68360,89.1
New Jersey,2016,2010,2021,25228,11321,0,101451,11085,378,8938,4.9,8873584,10.4,68470,89.3
New Jersey,2017,2010,2021,23891,12170,0,104025,10880,324,7895,4.6,8888147,10,71240,89.9
New Jersey,2018,2010,2021,19232,11037,0,94886,10463,285,6363,4.4,8891730,9.5,74180,90.2
New Jersey,2019,2010,2021,16399,10336,0,91942,10879,263,5733,3.5,8891258,9.1,87730,90.3
New Jersey,2020,2010,2021,12983,10279,7,79644,11367,330,4386,4,9272794,9.4,85550,90.9
New Jersey,2021,2010,2021,7685,8976,3619,52958,8264,294,2990,7.3,9270541,10.2,88560,91
New Jersey,2022,2010,2021,13180,14088,6366,97487,12670,287,4546,5.2,9295227,9.7,92340,90.7
New Jersey,2023,2010,2021,13799,16970,7063,105275,13527,259,4606,3.9,9379642,9.7,91590,90.7
,,,,,,,,,,,,,,,
New Mexico,2005,2007,2021,19364,7455,0,47858,8797,134,1836,5.6,1932274,18.4,38950,82
New Mexico,2006,2007,2021,20535,9160,0,45271,9312,132,2069,4.6,1962137,18.3,40030,81.5
New Mexico,2007,2007,2021,20217,8777,0,44478,9511,178,2288,3.7,1990070,17.9,44360,82.3
New Mexico,2008,2007,2021,20437,7970,0,46569,9406,159,2141,3.6,2010662,17,42100,82.4
New Mexico,2009,2007,2021,20970,6324,0,44938,9146,188,1866,5.8,2036802,18.2,43540,82.8
New Mexico,2010,2007,2021,20725,5203,0,44025,9304,139,1605,8,2064614,19.8,45130,83.3
New Mexico,2011,2007,2021,21035,5361,0,46240,9037,156,1710,7.4,2080707,20.9,41980,83.2
New Mexico,2012,2007,2021,20702,5330,0,47161,8523,119,1821,7,2087715,20.6,43420,84.4
New Mexico,2013,2007,2021,19130,5495,0,46392,8422,116,1684,7,2092833,21.4,40170,84.3
New Mexico,2014,2007,2021,18199,6238,0,48609,8669,99,2074,6.8,2090236,20.6,46690,84.2
New Mexico,2015,2007,2021,16402,9797,0,50211,8912,113,2442,6.5,2090071,19.8,45120,84.6
New Mexico,2016,2007,2021,16911,11607,0,52034,9854,137,2719,6.5,2092555,19.1,48450,85.4
New Mexico,2017,2007,2021,17409,11594,1,51132,11073,143,3690,6.8,2092844,19,45600,86.1
New Mexico,2018,2007,2021,15082,9840,2132,44866,12352,155,2633,5.2,2093754,18.8,48280,85.4
New Mexico,2019,2007,2021,13317,8654,2586,40058,11931,175,2298,5.1,2099634,17.5,53110,85.9
New Mexico,2020,2007,2021,12039,8531,3803,34431,11932,155,2001,5.1,2118606,16.8,50910,87.8
New Mexico,2021,2007,2021,10720,9029,6329,32122,11552,228,2361,8.2,2117333,17.7,53460,87.5
New Mexico,2022,2007,2021,11802,10964,6453,36904,12107,242,2274,5.4,2113868,17.3,56420,88
New Mexico,2023,2007,2021,10227,10473,7983,37039,12048,232,1473,3.6,2121164,16.9,60980,87.5
,,,,,,,,,,,,,,,
New York,2005,2016,2021,67639,35521,0,301131,46014,876,35053,5.1,19132610,13.9,47180,84.3
New York,2006,2016,2021,68504,32102,0,296739,45393,922,34433,4.8,19104631,14.2,48220,84.1
New York,2007,2016,2021,64763,27998,0,289997,45073,805,31064,4.2,19132335,13.8,48940,84.1
New York,2008,2016,2021,65274,25072,2,296682,42031,836,31763,4.7,19212436,13.7,50460,84.1
New York,2009,2016,2021,62544,21826,1,291510,43519,781,28099,7.1,19307066,14.2,50220,84.7
New York,2010,2016,2021,64604,20378,2,289045,43751,865,28420,9,19399956,15,49780,84.9
New York,2011,2016,2021,64841,19171,0,285771,45436,769,28354,8.4,19499921,16.1,50640,85
New York,2012,2016,2021,63849,17141,2,291135,47233,682,28575,8.6,19574362,15.9,47680,85.3
New York,2013,2016,2021,55958,15405,1,284294,45983,643,27175,8.3,19626488,16,49970,85.6
New York,2014,2016,2021,50530,15720,2,271650,45223,616,24016,7,19653431,16,54310,85.7
New York,2015,2016,2021,43971,15251,2,257010,44440,613,23853,5.7,19657321,15.5,58010,86
New York,2016,2016,2021,39638,14324,4,249736,44992,627,22271,4.8,19636391,14.8,61440,86.3
New York,2017,2016,2021,34582,13299,11,249040,43587,545,20021,4.7,19593849,14.1,61540,86.6
New York,2018,2016,2021,30846,13061,60,235717,43021,560,18151,4.5,19544098,13.7,67270,87.1
New York,2019,2016,2021,27204,12597,576,224041,44327,556,18002,4,19463131,13.1,71850,87.6
New York,2020,2016,2021,32051,19546,2924,219029,46346,826,17473,4.1,20105171,12.7,68660,87.8
New York,2021,2016,2021,7182,5609,4963,44293,6999,224,2130,8.6,19848276,14,72920,88
New York,2022,2016,2021,31697,26657,5267,277737,55764,798,21914,5.2,19703747,14.2,75910,87.9
New York,2023,2016,2021,30120,37732,25296,290570,50366,646,20625,4,19737367,14.1,81600,88.3
,,,,,,,,,,,,,,,
,,,,,,,,,,,,,,,
,,,,,,,,,,,,,,,
North Dakota,2005,2016,,1936,1017,0,9238,434,11,52,3.4,646089,11.6,42190,88.2
North Dakota,2006,2016,,2472,1032,64,9219,864,13,72,3.2,649422,11.7,41050,88.1
North Dakota,2007,2016,,2226,948,12,9156,935,16,74,3.1,652822,11.8,47210,89
North Dakota,2008,2016,,2256,883,28,9511,990,10,72,2.9,657569,11.5,49630,89.6
North Dakota,2009,2016,,2316,842,2,9185,1055,12,105,3.7,664968,11.7,50080,90.1
North Dakota,2010,2016,,1957,850,62,8956,1166,10,90,3.9,674752,12.5,51010,90.3
North Dakota,2011,2016,,2387,950,129,9624,1269,24,91,3.4,685526,12,56360,90.7
North Dakota,2012,2016,,2390,1155,215,10495,1265,25,127,3,702227,11.2,55770,91.7
North Dakota,2013,2016,,2955,1419,247,10875,1434,16,160,3,723149,11.6,59150,91.5
North Dakota,2014,2016,,2746,1542,677,11541,1413,23,175,2.7,738736,11.1,60730,92.2
North Dakota,2015,2016,,3278,1734,684,12633,1357,21,159,2.6,755537,10.7,57420,92.5
North Dakota,2016,2016,,3243,1953,1037,12240,1351,16,181,3,756114,10.5,60180,92.4
North Dakota,2017,2016,,2938,1758,6474,11898,1525,10,182,2.8,756755,10.2,60170,92.9
North Dakota,2018,2016,,2674,1722,6908,10988,1479,16,158,2.6,760062,10.6,66510,92.3
North Dakota,2019,2016,,2602,1762,6464,10690,1491,24,180,2.4,763724,10.5,70030,93.5
North Dakota,2020,2016,,3124,2093,6125,11089,1948,33,152,2.1,779563,10.2,64120,93.5
North Dakota,2021,2016,,3065,2070,6567,11318,1382,14,193,4.1,777966,10.9,68880,93.6
North Dakota,2022,2016,,2878,1998,6145,10836,1510,29,214,2.2,781057,11.2,78720,93.9
North Dakota,2023,2016,,2532,1727,6308,11040,1567,27,198,2.1,789047,10,76960,94.5
,,,,,,,,,,,,,,,
Ohio,2005,2016,,89203,38419,1693,242439,14501,562,17703,6.3,11463320,13,44200,86.3
Ohio,2006,2016,,96403,35536,2627,247089,15579,525,18522,5.5,11481213,13.2,45900,86.2
Ohio,2007,2016,,91542,32023,3702,238255,16132,507,17649,5.5,11500468,13.1,49100,87.1
Ohio,2008,2016,,94463,26700,4941,233005,15548,471,17915,5.7,11515391,13.3,46930,87.6
Ohio,2009,2016,,97941,21624,4937,223753,15159,513,17126,8.8,11528896,15.1,45880,87.6
Ohio,2010,2016,,100962,20004,4843,219161,14498,472,15893,10.8,11539449,15.8,45890,88.1
Ohio,2011,2016,,106758,19985,5184,225379,14219,493,15439,9.2,11545735,16.3,44650,88.3
Ohio,2012,2016,,99308,18948,6218,218644,14405,477,14905,7.8,11550971,16.2,44380,88.8
Ohio,2013,2016,,85099,18663,5673,207951,13647,473,13975,7.5,11579692,15.9,50750,89
Ohio,2014,2016,,73424,17113,6358,194774,13655,448,12145,6.6,11606573,15.8,49640,89.4
Ohio,2015,2016,,63772,15971,5818,193649,14112,505,11625,5.2,11622315,14.8,53300,89.7
Ohio,2016,2016,,62401,18831,6054,195248,15915,657,12029,5,11640060,14.5,53990,90
Ohio,2017,2016,,55490,19585,47647,188350,16252,711,10656,5.2,11665706,13.9,60690,90.3
Ohio,2018,2016,,46494,19147,51342,171859,17654,600,9334,4.6,11680892,13.8,61630,90.7
Ohio,2019,2016,,41286,17760,46131,161789,18466,576,8632,4.4,11696507,13,64660,90.8
Ohio,2020,2016,,35112,19248,34125,147208,21788,828,7580,4.4,11798905,12.6,60380,91.5
Ohio,2021,2016,,29936,20909,40621,136360,22784,879,6807,6.1,11767344,13.3,62690,91.7
Ohio,2022,2016,,29347,27233,39930,145838,21676,739,6281,4,11777874,13.4,67520,91.8
Ohio,2023,2016,,27223,31691,39588,137452,22219,695,5928,3.8,11824034,13.2,73770,91.9
,,,,,,,,,,,,,,,
Oklahoma,2005,2018,,35655,13886,0,93744,13125,187,3229,4.5,3548597,562026,37650,84.3
Oklahoma,2006,2018,,34391,13432,0,81800,13030,211,3146,4,3594090,576689,38840,84.3
Oklahoma,2007,2018,,34355,13588,0,80783,13059,224,3391,4.1,3634349,552915,43220,84.8
Oklahoma,2008,2018,,35141,11000,0,80091,13941,215,3696,3.4,3668976,554237,46110,85.5
Oklahoma,2009,2018,,38005,10454,0,83672,13412,234,3357,5.1,3717572,575711,45880,85.6
Oklahoma,2010,2018,,37488,10188,0,80398,13006,195,3337,6.9,3760014,613067,43100,86.2
Oklahoma,2011,2018,,36427,11094,0,79968,12399,213,3286,5.9,3788824,636083,48460,86.3
Oklahoma,2012,2018,,35964,11722,0,82880,12981,220,3243,5.2,3819320,636134,48410,86.7
Oklahoma,2013,2018,,33415,11257,0,81287,11627,198,3017,5.2,3853891,624209,46160,86.7
Oklahoma,2014,2018,,29909,10748,0,76539,10926,180,3073,4.9,3879187,623162,47200,87.3
Oklahoma,2015,2018,,28385,10468,0,73119,11445,239,2989,4,3910518,608507,47080,87.3
Oklahoma,2016,2018,,29070,12194,0,75878,12225,245,3169,4.5,3928143,615050,50940,87.8
Oklahoma,2017,2018,,28613,12288,11187,72301,12482,243,3006,4.4,3933602,600911,51880,88.1
Oklahoma,2018,2018,,27100,13392,11563,73658,13223,214,2804,3.7,3943488,593936,54430,88.4
Oklahoma,2019,2018,,26716,13439,12279,73075,12225,275,2381,3.2,3960676,578631,59400,88.4
Oklahoma,2020,2018,,24841,15138,10923,68654,13589,303,2362,3.1,3965415,552168,52470,89.2
Oklahoma,2021,2018,,24018,15276,18347,64754,12784,298,1783,5,3992238,599003,60100,88.7
Oklahoma,2022,2018,,19681,12683,18567,62171,12735,281,1648,2.9,4026229,608531,63440,89.6
Oklahoma,2023,2018,,18696,10776,19147,58233,12696,255,1514,3,4063882,621050,67330,89.7
,,,,,,,,,,,,,,,
Oregon,2005,1998,2014,27320,19101,378,112465,6590,80,2472,6.6,3613202,497318,44160,87.5
Oregon,2006,1998,2014,23905,14455,484,97796,6446,86,2697,5.6,3670883,487358,47090,87.6
Oregon,2007,1998,2014,22547,14464,409,93940,6700,75,2843,5.1,3722417,476647,50240,88
Oregon,2008,1998,2014,20626,11220,460,91266,5880,87,2638,5.1,3768748,501475,51730,88.6
Oregon,2009,1998,2014,19576,9930,167,84516,6143,88,2490,9.6,3808600,536813,49100,89.1
Oregon,2010,1998,2014,19761,9045,808,86274,5827,98,2405,10.7,3837614,596649,50600,88.8
Oregon,2011,1998,2014,20535,9052,1298,91473,6042,84,2228,9.9,3872672,655245,51530,89.4
Oregon,2012,1998,2014,21638,10134,1329,92308,5891,91,2419,8.9,3900102,651302,51780,89.9
Oregon,2013,1998,2014,20339,9779,1675,93132,5416,80,2380,8.4,3924110,637505,49000,89.7
Oregon,2014,1998,2014,17305,9660,2560,89285,5853,78,2187,7.2,3965447,637156,58880,89.7
Oregon,2015,1998,2014,11786,6152,5027,57690,4296,82,1061,5.8,4018542,601626,60830,90
Oregon,2016,1998,2014,16290,12943,8517,89006,6520,109,2273,5,4093271,538169,59140,90.3
Oregon,2017,1998,2014,17062,16845,20763,87145,7004,107,2411,4.1,4147294,534846,62500,91
Oregon,2018,1998,2014,16142,16517,20776,87974,7372,86,2497,4.1,4183538,516014,69170,90.5
Oregon,2019,1998,2014,14748,15306,20151,85628,7894,113,2297,4.2,4216116,474302,74410,91.4
Oregon,2020,1998,2014,14694,16271,14556,80991,8499,133,2228,3.4,4243779,457940,76850,91.9
Oregon,2021,1998,2014,14623,19664,7635,79407,9910,205,2584,6.3,4254280,507504,81850,91.9
Oregon,2022,1998,2014,15716,23163,6076,85565,9835,203,2919,3.9,4247372,500100,86780,91.6
Oregon,2023,1998,2014,14538,17507,6938,77685,9432,191,2656,3.8,4253653,503758,88740,92
,,,,,,,,,,,,,,,
Pennsylvania,2005,2016,,53282,28196,0,198854,27561,747,18715,5.2,12449990,11.9,46300,86.7
Pennsylvania,2006,2016,,55205,28706,0,204605,28279,731,20597,4.8,12510809,12,48480,86.2
Pennsylvania,2007,2016,,54712,26043,0,204689,27534,725,19221,4.5,12563937,11.6,48440,86.8
Pennsylvania,2008,2016,,57980,22276,0,215279,27580,703,18759,4.8,12612285,12.1,51400,87.5
Pennsylvania,2009,2016,,54394,17750,0,202978,26246,664,17452,7.1,12666858,12.5,48170,87.9
Pennsylvania,2010,2016,,54829,16632,0,202667,25871,654,16322,8.4,12711406,13.4,48310,88.4
Pennsylvania,2011,2016,,57682,16818,0,207408,25902,639,16120,7.7,12747052,13.7,49910,88.6
Pennsylvania,2012,2016,,57013,15105,0,204254,25558,707,15732,7.5,12769123,13.7,51900,88.9
Pennsylvania,2013,2016,,51859,13735,1,196687,23618,611,14720,7.5,12779538,13.7,55160,89.2
Pennsylvania,2014,2016,,45642,13036,15,187821,22259,610,13535,6.5,12792392,13.6,55170,89.4
Pennsylvania,2015,2016,,39459,12113,17,179600,22372,666,12952,5.5,12789838,13.1,60390,89.7
Pennsylvania,2016,2016,,35057,13038,13,173404,22868,675,12291,5.3,12788468,12.9,60980,90.1
Pennsylvania,2017,2016,,31899,12939,625,165143,23281,743,11762,5.2,12794679,12.5,61290,90.6
Pennsylvania,2018,2016,,27078,13125,543,150262,24035,783,9846,4.8,12809107,12.2,64520,91
Pennsylvania,2019,2016,,22023,11717,525,135414,22840,655,9158,4.3,12798883,12,70580,91
Pennsylvania,2020,2016,,17356,13158,609,111061,21932,870,7760,4.4,12996143,10.9,70790,91.6
Pennsylvania,2021,2016,,11004,11151,22778,61055,13097,764,5452,7.3,13015571,12,72630,91.9
Pennsylvania,2022,2016,,16596,19234,17988,126152,19426,944,8144,4.3,12984990,11.8,72210,92.2
Pennsylvania,2023,2016,,17439,33936,19751,146561,21677,866,8066,3.9,13017721,11.9,79820,92.2
,,,,,,,,,,,,,,,
Rhode Island,2005,2007,2022,5285,4388,0,19457,1572,34,774,4.8,1067916,11.9,49480,83.5
Rhode Island,2006,2007,2022,5453,3609,0,18852,1404,27,740,5.4,1063096,11.5,53740,82.4
Rhode Island,2007,2007,2022,5195,3192,18,19129,1384,19,759,4.8,1057315,11.9,54210,83
Rhode Island,2008,2007,2022,5766,3203,46,20926,1463,31,880,6.1,1055003,12.1,53240,83.7
Rhode Island,2009,2007,2022,5753,2402,21,19403,1565,32,785,10,1053646,12,51630,84.7
Rhode Island,2010,2007,2022,6124,2403,281,18432,1600,29,782,11.8,1053994,14.1,51620,83.5
Rhode Island,2011,2007,2022,6836,2375,567,18765,1503,20,744,11.3,1053829,14.7,49030,84.8
Rhode Island,2012,2007,2022,5929,2632,447,18474,1614,36,715,10.9,1054893,14.2,56070,86.1
Rhode Island,2013,2007,2022,5621,2239,626,17881,1547,31,683,9.6,1055560,14.7,56320,85.9
Rhode Island,2014,2007,2022,4830,1835,615,16317,1398,26,530,8.9,1056511,14.8,58630,85.8
Rhode Island,2015,2007,2022,3938,1386,633,14714,1520,31,547,6.5,1056886,14.1,55700,87.7
Rhode Island,2016,2007,2022,3650,1103,617,14157,1514,29,541,5.6,1057816,13.3,61530,88.5
Rhode Island,2017,2007,2022,3220,1484,3507,13881,1525,21,474,4.6,1056554,12.3,65400,88.3
Rhode Island,2018,2007,2022,2816,1538,3577,13271,1362,16,452,4.5,1059338,12.8,62270,89.1
Rhode Island,2019,2007,2022,2316,1363,2967,12627,1411,25,421,3.8,1058158,11.6,70150,89.3
Rhode Island,2020,2007,2022,1760,1511,2263,9915,1647,31,336,3.5,1096530,10.6,80170,90.1
Rhode Island,2021,2007,2022,1506,1649,2552,10307,1417,37,277,6.6,1097246,12.1,74980,89.1
Rhode Island,2022,2007,2022,1508,1748,1957,10910,1187,18,268,3.5,1099498,11.2,80650,90.5
Rhode Island,2023,2007,2022,1299,1540,1718,9463,1171,29,242,2.9,1103429,11.4,81860,89.6
,,,,,,,,,,,,,,,
,,,,,,,,,,,,,,,
,,,,,,,,,,,,,,,
,,,,,,,,,,,,,,,
,,,,,,,,,,,,,,,
,,,,,,,,,,,,,,,
,,,,,,,,,,,,,,,
,,,,,,,,,,,,,,,
,,,,,,,,,,,,,,,
Utah,2005,2018,,14940,8492,2703,71840,3528,55,1106,4,2457719,10.5,54810,90.1
Utah,2006,2018,,14496,8272,2714,65534,3525,51,1235,2.9,2525507,10.7,54630,90.2
Utah,2007,2018,,15417,8853,3672,67848,3867,58,1422,2.6,2597746,9.8,53530,90.2
Utah,2008,2018,,14589,7259,3498,69692,3736,41,1417,3.3,2663029,9.7,62540,90.4
Utah,2009,2018,,15095,6904,3622,69004,3680,39,1301,7.6,2723421,11.7,58490,90.4
Utah,2010,2018,,14906,5940,3209,66601,3572,53,1267,8.3,2775413,13.3,56700,90.6
Utah,2011,2018,,12974,6149,3203,64053,3467,50,1078,7.2,2814797,13.6,55490,90.3
Utah,2012,2018,,12785,5902,4056,65478,3706,53,1070,4.8,2854146,13,58340,91
Utah,2013,2018,,13603,7432,4584,66463,3781,51,1241,4.2,2898773,12.6,61050,91.5
Utah,2014,2018,,11296,7117,5706,64502,3440,66,1277,3.6,2938327,11.8,63380,91.4
Utah,2015,2018,,12509,8665,6182,67959,4011,57,1323,3.5,2983626,11.2,66260,91.5
Utah,2016,2018,,12761,9236,7888,67437,4175,74,1516,3.3,3044241,10.2,67480,91.7
Utah,2017,2018,,11648,9213,21118,64242,4100,68,1462,3.2,3103540,9.7,69790,92.1
Utah,2018,2018,,9758,7592,21000,56606,4263,61,1214,2.9,3155153,9.1,77070,92.4
Utah,2019,2018,,8439,6628,19053,52843,4391,72,1113,2.5,3203383,8.8,84520,93
Utah,2020,2018,,8780,9367,18647,56431,4707,96,1196,4.8,3284077,7.3,83990,94
Utah,2021,2018,,7757,8374,21211,51781,5023,75,1072,2.8,3339738,8.7,87650,93.2
Utah,2022,2018,,7020,7136,22076,50201,5029,80,996,2.4,3391011,8.3,95800,93
Utah,2023,2018,,6203,5060,22251,44548,5040,78,896,2.7,3443222,9,101200,93.1
,,,,,,,,,,,,,,,
Vermont,2005,2004,2018,3065,642,22,10383,519,8,72,3.5,621215,10.4,50700,89.5
Vermont,2006,2004,2018,3391,610,0,10671,599,14,113,3.7,622892,10.2,51980,89.8
Vermont,2007,2004,2018,3130,639,0,10666,567,13,80,3.9,623481,10.1,47390,90.3
Vermont,2008,2004,2018,3492,583,14,11766,609,17,93,4.5,624151,10.4,50710,90.6
Vermont,2009,2004,2018,3440,446,0,11040,582,8,111,6.5,624817,11.5,52320,91
Vermont,2010,2004,2018,3285,433,0,10181,587,7,75,6.2,625886,12.4,55930,91
Vermont,2011,2004,2018,3781,523,13,10554,662,11,97,5.4,627197,11.9,51860,91.8
Vermont,2012,2004,2018,4142,458,172,10909,628,8,112,4.8,626361,11.9,55580,91.7
Vermont,2013,2004,2018,3243,336,236,9743,550,10,75,4.4,626603,12.3,65510,91.5
Vermont,2014,2004,2018,2062,187,164,7227,438,10,71,3.9,625693,12,60710,92
Vermont,2015,2004,2018,2037,185,135,6964,481,11,115,3.5,625810,10.4,59490,91.7
Vermont,2016,2004,2018,1804,173,430,7246,550,13,82,3.1,624366,11.3,60840,92.1
Vermont,2017,2004,2018,2009,233,1752,7166,703,16,103,2.9,625132,10.8,63680,92.6
Vermont,2018,2004,2018,1501,268,1525,6435,696,12,76,2.5,624802,10.7,70070,93.5
Vermont,2019,2004,2018,1293,306,1356,7365,874,12,71,2.1,624046,10.1,74310,93.1
Vermont,2020,2004,2018,1051,279,1184,6580,788,14,74,5.6,642977,9.4,67260,94.2
Vermont,2021,2004,2018,1178,480,1182,7297,860,9,73,3.6,647210,10.2,76080,94.5
Vermont,2022,2004,2018,1016,632,1067,9351,1055,22,92,2.4,648142,10.2,72190,95
Vermont,2023,2004,2018,919,595,1211,10181,1052,17,94,1.9,648708,9.9,85190,95.5
,,,,,,,,,,,,,,,
Virginia,2005,2020,2021,30346,16072,3083,153157,11561,458,7454,3.5,7577105,10,51910,85.4
Virginia,2006,2020,2021,31920,14684,5743,142149,11584,402,7727,3.1,7673725,9.6,57120,85.4
Virginia,2007,2020,2021,31903,14052,4786,145199,11100,415,7681,3.1,7751000,9.9,59160,85.9
Virginia,2008,2020,2021,32178,13345,5858,151153,10393,370,7470,4.1,7833496,10.2,61990,85.9
Virginia,2009,2020,2021,31906,11662,8763,150024,9870,370,6319,6.8,7925937,10.6,60500,86.6
Virginia,2010,2020,2021,30782,10610,10593,145925,9547,375,5678,6.8,8024004,11.1,60370,86.5
Virginia,2011,2020,2021,30697,9771,12388,142410,8692,304,5424,6.3,8102437,11.6,62620,87.8
Virginia,2012,2020,2021,29633,9121,14431,139513,9117,322,4717,5.8,8187456,11.8,64630,87.9
Virginia,2013,2020,2021,26703,8621,15887,136161,9101,320,4573,5.5,8255861,11.7,65910,88.4
Virginia,2014,2020,2021,23187,7714,17410,130763,9453,350,4289,5.1,8315430,11.8,66160,88.5
Virginia,2015,2020,2021,21531,8194,18955,127996,9352,390,4458,4.4,8367303,11.2,61490,88.9
Virginia,2016,2020,2021,20062,9753,23465,126821,10325,482,4791,4,8417651,11,66450,89.3
Virginia,2017,2020,2021,18425,10150,60894,123413,9988,442,4300,3.6,8471011,10.7,70810,89.7
Virginia,2018,2020,2021,15643,10782,64750,116306,10282,409,3616,3,8510920,10.7,77150,89.9
Virginia,2019,2020,2021,13967,10313,63106,116634,11069,441,3525,2.7,8556642,9.9,81310,90
Virginia,2020,2020,2021,11553,10991,47899,103924,12343,539,2968,6.5,8637615,9.2,82210,91.4
Virginia,2021,2020,2021,10594,11484,29814,103751,13194,579,2928,3.8,8658910,10.3,80270,91.4
Virginia,2022,2020,2021,11131,13978,27508,123879,13908,643,3362,2.7,8683414,10.6,85170,91.5
Virginia,2023,2020,2021,10749,15134,30366,119894,14377,537,3305,2.7,8734685,10.2,96490,91.4
,,,,,,,,,,,,,,,
Washington,2005,1998,2012,60099,49152,0,197020,12881,205,5775,5.6,6257305,12,50650,88.8
Washington,2006,1998,2012,58654,46251,182,182553,12867,197,6415,5,6370753,11.8,54720,89
Washington,2007,1998,2012,52746,38072,3114,170396,12844,174,6074,4.6,6461587,11.4,58080,89.3
Washington,2008,1998,2012,53014,29085,3664,166624,12583,193,6409,5.2,6562231,11.3,56630,89.6
Washington,2009,1998,2012,51934,23224,1393,166003,12562,187,6622,9,6667426,12.3,60390,89.7
Washington,2010,1998,2012,54937,25612,1064,167350,12322,154,5914,10,6743009,13.5,56160,89.8
Washington,2011,1998,2012,55688,24493,2518,161140,11896,162,5590,9.4,6827479,13.9,56850,90.1
Washington,2012,1998,2012,59854,26186,3705,164188,12059,213,5742,8.4,6898599,13.6,62190,90.4
Washington,2013,1998,2012,57840,28178,2787,170930,11531,166,5806,6.6,6966252,14.1,63920,90.1
Washington,2014,1998,2012,55284,30587,2388,175863,11615,178,5640,5.9,7057531,13.2,59070,90.4
Washington,2015,1998,2012,50975,26990,2286,170963,11990,218,5441,5.4,7167287,12.2,67240,90.8
Washington,2016,1998,2012,48895,31935,4339,172413,13030,195,5620,5.2,7299961,11.3,70310,90.8
Washington,2017,1998,2012,43515,29246,19063,161574,13557,226,5366,4.6,7427951,11,71540,91.3
Washington,2018,1998,2012,39874,27509,20440,153304,14177,240,5531,4.4,7526793,10.3,79730,91.6
Washington,2019,1998,2012,34814,24728,20114,147072,14009,206,5346,4.2,7614024,9.8,82450,91.7
Washington,2020,1998,2012,40566,28033,15467,145005,14561,308,5210,8.7,7727209,9.5,81360,92.1
Washington,2021,1998,2012,41138,35646,6268,157315,16779,333,5724,5.2,7743760,9.9,87650,92.3
Washington,2022,1998,2012,43721,49855,7079,167882,19073,399,6759,4.1,7794123,10,89430,92.2
Washington,2023,1998,2012,37583,53270,11039,134983,18242,380,6405,4.2,7857320,10.3,93440,92.4
,,,,,,,,,,,,,,,
West Virginia,2005,2017,,10534,3567,27,30248,3457,78,770,5,1820492,18,36450,81.2
West Virginia,2006,2017,,10832,3690,4,30049,3515,75,807,4.8,1827912,17.6,38420,81
West Virginia,2007,2017,,10078,3239,2,28906,3436,61,801,4.5,1834052,17.1,42090,81.2
West Virginia,2008,2017,,10088,2949,17,29329,3396,64,837,4.5,1840310,17.4,37990,82.2
West Virginia,2009,2017,,10780,2526,44,28201,3705,77,844,8,1847775,17.8,40490,82.8
West Virginia,2010,2017,,9322,2146,270,23705,3708,57,672,8.4,1854265,18.2,42780,83.2
West Virginia,2011,2017,,9209,1873,208,23173,3762,84,713,7.7,1856606,18.7,41820,84.2
West Virginia,2012,2017,,10862,2142,315,27715,4184,69,776,7.2,1857446,18,43550,84.5
West Virginia,2013,2017,,8230,1668,234,22840,3565,58,536,6.7,1854768,18.4,43070,84.6
West Virginia,2014,2017,,7231,1598,376,21390,3755,73,462,6.5,1850569,18.3,39550,85.2
West Virginia,2015,2017,,7381,1801,379,21328,4039,71,574,6.5,1843332,18,42820,86
West Virginia,2016,2017,,8162,2286,505,22104,4577,80,658,6.1,1832435,17.9,44350,86
West Virginia,2017,2017,,6953,2747,12396,19900,4586,97,512,5.2,1818683,18.5,46960,87.1
West Virginia,2018,2017,,5183,1927,11041,15987,3697,77,314,5.1,1805953,17.4,50570,87.8
West Virginia,2019,2017,,4658,1946,10989,15073,3572,94,269,4.9,1795263,16.2,53710,87.1
West Virginia,2020,2017,,4499,2105,11227,15826,3777,125,324,8.3,1791646,15.8,51970,89.1
West Virginia,2021,2017,,3502,1867,12198,15600,3440,112,209,5.1,1785618,16.8,46840,88.8
West Virginia,2022,2017,,3339,1578,10113,15804,3492,93,196,3.9,1774122,17.4,52460,89.1
West Virginia,2023,2017,,3078,1558,10200,14930,3339,93,201,3.9,1770495,16.4,60410,89